{"name":"PPCTest","elements":[{"type":"image","girderId":"outputLabelImage","hasAlpha":false,"transform":{"xoffset":0,"yoffset":0}}],"attributes":{"params":{"docname":"PPCTest","inputImageFile":"/wsi_archive/APOLLO_NP/2013/E13-45/scanned images/E13-45_ABETA_11.svs","hue_value":0.05,"hue_width":0.15,"saturation_minimum":0.05,"intensity_upper_limit":0.95,"intensity_weak_threshold":0.75,"intensity_strong_threshold":0.45,"intensity_lower_limit":0.05,"autoDetectHue":false,"autoDetectHueSampledROIs":false,"autoHueMaxCandidates":10,"autoHueMinROISeparation":0.0,"autoHueMinTissueFraction":0.6,"autoHueNumROIs":5,"autoHueROIFraction":0.08,"autoHueROIOutputWidth":1024,"autoHueSamplingMode":"dab_biased","autoHueThumbnailMaxSize":2048,"eagerBatch":10,"eagerChunkMult":2,"eagerPrefetch":2,"eagerWorkers":10,"frame":"{#control:#current_image_frame#}","outputAnnotationFile":"/output/E13-45_ABETA_11-ppc.anot","memory_per_tile_gb":1.0,"num_workers":4,"outputLabelCompression":"zstd","outputLabelCompressionLevel":1,"outputLabelImage":null,"outputLabelTileSize":512,"region":[-1.0,-1.0,-1.0,-1.0],"style":null,"tile_batch_size":2,"useEagerIterator":false,"useStreamingTiffWriter":true},"stats":{"NumberWeakPositive":78860336,"NumberPositive":16341327,"NumberStrongPositive":3467397,"NumberTotalPixels":2238490080,"IntensitySumWeakPositive":68725259.64616627,"IntensitySumPositive":10315377.433776826,"IntensitySumStrongPositive":1310543.638393186,"IntensityAverage":0.9359760885829448,"RatioStrongToTotal":0.03514168473886343,"IntensityAverageWeakAndPositive":0.8143503213503431,"RatioStrongToPixels":0.001548989218661179,"RatioWeakToPixels":0.03522925417654743,"RatioTotalToPixels":0.04407839948971317,"time":"0:01:56.069559"},"performance":{"computation":{"total_time_seconds":115.69474291801453,"tiles_per_second":1.3310890029733673,"average_timings":{"tile_fetch_seconds":1.7886601438770047,"processing_seconds":0.9285292888616586,"total_seconds":2.717192648293136}},"system":{"cpu":{"mean_utilization_percent":30.40871875,"active_cores":13.92,"per_core_utilization":[36.358000000000004,31.803,41.54299999999999,28.660999999999998,22.582000000000008,29.071000000000005,37.159000000000006,25.934,25.602999999999998,21.31200000000001,41.098,28.94599999999999,30.254,26.065999999999995,26.118999999999996,38.677,46.29200000000001,37.423999999999985,9.930000000000001,28.941999999999997,23.868,20.629999999999995,25.155,32.049,29.629999999999995,31.320000000000004,46.722999999999985,45.733000000000004,32.184,17.736,28.287999999999997,25.989]},"memory":{"mean_gb":1.8352792358398438,"max_gb":2.3577957153320312},"io":{"wait_percent":3.0170000000000003,"disk_read_mbs":0.0,"disk_write_mbs":0.14044172788292403,"network_read_mbs":11.412865288572725,"network_write_mbs":0.12208257900589421}},"configuration":{"batch_size":2,"n_jobs":4,"tile_size":4096,"total_tiles":154}},"cli":"PositivePixelCountV3","version":"1.4.0"}}